{"cameraMode":{"drawMode":0,"name":"Shaded","section":"Shading Mode"},"sceneLighting":true,"audioPlay":false,"sceneViewState":{"showFog":true,"showMaterialUpdate":false,"showSkybox":true,"showFlares":true,"showImageEffects":true,"showParticleSystems":true},"in2DMode":false,"pivot":{"x":-10906.927734375,"y":4288.08544921875,"z":4277.4384765625},"rotation":{"x":-0.1238134354352951,"y":0.07612653821706772,"z":0.009526061825454235,"w":0.9893407821655273},"size":16980.5859375,"orthographic":false}