{"cameraMode":{"drawMode":0,"name":"Shaded","section":"Shading Mode"},"sceneLighting":true,"audioPlay":true,"sceneViewState":{"showFog":true,"showMaterialUpdate":false,"showSkybox":true,"showFlares":true,"showImageEffects":true,"showParticleSystems":true},"in2DMode":false,"pivot":{"x":-3.468080520629883,"y":-1.216628074645996,"z":4.319883346557617},"rotation":{"x":0.004469101782888174,"y":0.9931523203849793,"z":-0.10949797183275223,"w":0.04054436832666397},"size":18.524084091186525,"orthographic":false}