{"cameraMode":{"drawMode":0,"name":"Shaded","section":"Shading Mode"},"sceneLighting":true,"audioPlay":false,"sceneViewState":{"showFog":true,"showMaterialUpdate":false,"showSkybox":true,"showFlares":true,"showImageEffects":true,"showParticleSystems":true},"in2DMode":false,"pivot":{"x":-0.9013282060623169,"y":2.8381688594818117,"z":-9.278002738952637},"rotation":{"x":0.029224900528788568,"y":-0.6915345191955566,"z":0.028022482991218568,"w":0.7212075591087341},"size":3.628232717514038,"orthographic":true}